Algorithm,param1,param2,Classifier,Centroids,Accuracy,Precision,Recall,F1
Local DISSFCM,4,0.1,Turn Vote,32.72727272727273,0.5618479880774963,0.6102788290471439,0.5618479880774963,0.5279354785306362
Local DISSFCM,8,0.1,Turn Vote,33.27272727272727,0.5767511177347243,0.6077437716963886,0.5767511177347243,0.5515637286799246
Local DISSFCM,12,0.1,Turn Vote,36.63636363636363,0.5856929955290611,0.6409880409605878,0.5856929955290611,0.5674827423506237
