Algorithm,param1,param2,Classifier,Centroids,Accuracy,Precision,Recall,F1
Local DISSFCM,4,1.0,Majority Vote,27.727272727272727,0.5499254843517138,0.59750185187066,0.5499254843517138,0.5201738256566409
Local DISSFCM,8,1.0,Majority Vote,30.727272727272727,0.5603576751117735,0.6486085260586033,0.5603576751117735,0.5214088552667754
Local DISSFCM,12,1.0,Majority Vote,31.636363636363637,0.6020864381520119,0.6800042543568829,0.6020864381520119,0.5791640305277166
