Algorithm,param1,param2,Classifier,Centroids,Accuracy,Precision,Recall,F1
Local DISSFCM,4,1.0,Turn Vote,25.363636363636363,0.5454545454545454,0.6232506203526412,0.5454545454545454,0.5215539428795144
Local DISSFCM,8,1.0,Turn Vote,30.636363636363637,0.5722801788375559,0.6654968896684927,0.5722801788375559,0.5410214985497082
Local DISSFCM,12,1.0,Turn Vote,38.36363636363637,0.5961251862891207,0.6373688132633873,0.5961251862891207,0.5762082775848815
