Algorithm,param1,param2,Classifier,Centroids,Accuracy,Precision,Recall,F1
Local DISSFCM,4,0.1,Majority Vote,34.63636363636363,0.5842026825633383,0.6139010723592215,0.5842026825633383,0.5568782271103677
Local DISSFCM,8,0.1,Majority Vote,23.818181818181817,0.5767511177347243,0.6216570788821727,0.5767511177347243,0.5406652403392036
Local DISSFCM,12,0.1,Majority Vote,36.63636363636363,0.5991058122205662,0.7045334635839177,0.5991058122205662,0.5882918141843474
