Algorithm,param1,param2,Classifier,Centroids,Accuracy,Precision,Recall,F1
Local DISSFCM,4,0.01,Min Move,15.090909090909092,0.5916542473919523,0.620317971897475,0.5916542473919523,0.5782618618987457
Local DISSFCM,8,0.01,Min Move,31.272727272727273,0.5618479880774963,0.6190398624273427,0.5618479880774963,0.5394902067416916
Local DISSFCM,12,0.01,Min Move,30.454545454545453,0.5514157973174366,0.5971097077835494,0.5514157973174366,0.5282579604356511
