Algorithm,param1,param2,Classifier,Centroids,Accuracy,Precision,Recall,F1
Local DISSFCM,4,0.01,Turn Vote,41.72727272727273,0.5499254843517138,0.6239785042367256,0.5499254843517138,0.5349956405243514
Local DISSFCM,8,0.01,Turn Vote,44.81818181818182,0.6065573770491803,0.6657432218223889,0.6065573770491803,0.587841717602336
Local DISSFCM,12,0.01,Turn Vote,47.0,0.593144560357675,0.6210688991077095,0.593144560357675,0.5754208006189462
