Algorithm,param1,param2,Classifier,Centroids,Accuracy,Precision,Recall,F1
Local DISSFCM,4,10.0,Turn Vote,6.909090909090909,0.46050670640834573,0.5095594505454346,0.46050670640834573,0.404347036580957
Local DISSFCM,8,10.0,Turn Vote,17.636363636363637,0.5052160953800299,0.525900651619766,0.5052160953800299,0.4566777708310617
Local DISSFCM,12,10.0,Turn Vote,20.90909090909091,0.593144560357675,0.6407031783093973,0.593144560357675,0.5781469631452074
