Algorithm,param1,param2,Classifier,Centroids,Accuracy,Precision,Recall,F1
Local DISSFCM,4,10.0,Min Move,4.2727272727272725,0.5573770491803279,0.5704768962788923,0.5573770491803279,0.5356744156010346
Local DISSFCM,8,10.0,Min Move,15.090909090909092,0.49627421758569296,0.5171282631947066,0.49627421758569296,0.47425917514218763
Local DISSFCM,12,10.0,Min Move,19.727272727272727,0.5812220566318926,0.6099661208425746,0.5812220566318926,0.5715424639306946
