Algorithm,param1,param2,Classifier,Centroids,Accuracy,Precision,Recall,F1
Local DISSFCM,4,1.0,Min Move,14.181818181818182,0.5588673621460507,0.585523304241728,0.5588673621460507,0.5423581450063355
Local DISSFCM,8,1.0,Min Move,23.545454545454547,0.555886736214605,0.5960188311088561,0.555886736214605,0.5417384894704708
Local DISSFCM,12,1.0,Min Move,27.181818181818183,0.5812220566318927,0.6347254927257348,0.5812220566318927,0.5689827623759367
