Algorithm,param1,param2,Classifier,Centroids,Accuracy,Precision,Recall,F1
Local DISSFCM,4,0.01,Majority Vote,37.0,0.5424739195230999,0.6273254263118307,0.5424739195230999,0.5225267002411016
Local DISSFCM,8,0.01,Majority Vote,45.63636363636363,0.6259314456035767,0.6989342555680239,0.6259314456035767,0.6061544765308561
Local DISSFCM,12,0.01,Majority Vote,47.27272727272727,0.6020864381520119,0.6804666684172529,0.6020864381520119,0.5865813692259683
