Algorithm,param1,param2,Classifier,Centroids,Accuracy,Precision,Recall,F1
Local DISSFCM,4,0.1,Min Move,8.727272727272727,0.5603576751117735,0.5550282644020214,0.5603576751117735,0.5322984586473468
Local DISSFCM,8,0.1,Min Move,29.181818181818183,0.555886736214605,0.6342753813834723,0.555886736214605,0.5218399405949617
Local DISSFCM,12,0.1,Min Move,27.727272727272727,0.5961251862891207,0.6459434728042219,0.5961251862891207,0.5747877363772881
