Algorithm,param1,param2,Classifier,Centroids,Accuracy,Precision,Recall,F1
Local DISSFCM,4,10.0,Majority Vote,7.818181818181818,0.47540983606557374,0.5167498933951301,0.47540983606557374,0.4248489001253921
Local DISSFCM,8,10.0,Majority Vote,19.727272727272727,0.5230998509687034,0.6500474419280673,0.5230998509687034,0.4954939128979301
Local DISSFCM,12,10.0,Majority Vote,20.818181818181817,0.5991058122205662,0.6662507174233422,0.5991058122205662,0.5806365330237734
