Algorithm,param1,param2,Classifier,Centroids,Accuracy,Precision,Recall,F1
Local DISSFCM,2,0.1,Min Move,16.818181818181817,0.5638111888111887,0.5784962500292179,0.5638111888111887,0.5389917449838277
Local DISSFCM,4,0.1,Min Move,13.727272727272727,0.5716783216783217,0.5920707996831086,0.5716783216783217,0.5488544118990858
Local DISSFCM,6,0.1,Min Move,16.09090909090909,0.5646853146853147,0.5780869650613512,0.5646853146853147,0.5493802250567994
