Algorithm,param1,param2,Classifier,Centroids,Accuracy,Precision,Recall,F1
Local DISSFCM,2,1.0,Min Move,21.272727272727273,0.5646853146853147,0.5993003712610101,0.5646853146853147,0.5348533384847974
Local DISSFCM,4,1.0,Min Move,16.454545454545453,0.5734265734265734,0.596679197831579,0.5734265734265734,0.5471243279751214
Local DISSFCM,6,1.0,Min Move,23.454545454545453,0.5725524475524476,0.5822375793038449,0.5725524475524476,0.5610571925885459
