Algorithm,param1,param2,Classifier,Centroids,Accuracy,Precision,Recall,F1
Local DISSFCM,2,1.0,Majority Vote,13.363636363636363,0.5821678321678322,0.5899627924211845,0.5821678321678322,0.5727263567677837
Local DISSFCM,4,1.0,Majority Vote,28.09090909090909,0.5786713286713286,0.5956512546370492,0.5786713286713286,0.5581067640189763
Local DISSFCM,6,1.0,Majority Vote,22.272727272727273,0.5935314685314685,0.601929023093246,0.5935314685314685,0.5831255791265932
