Algorithm,param1,param2,Classifier,Centroids,Accuracy,Precision,Recall,F1
Local DISSFCM,2,0.1,Majority Vote,19.272727272727273,0.5909090909090909,0.5984933961017117,0.5909090909090909,0.582963225444966
Local DISSFCM,4,0.1,Majority Vote,27.09090909090909,0.5909090909090909,0.6018370269864842,0.5909090909090909,0.5774392132083352
Local DISSFCM,6,0.1,Majority Vote,26.363636363636363,0.5874125874125874,0.5989357340384316,0.5874125874125874,0.5768951966993935
