Algorithm,param1,param2,Classifier,Centroids,Accuracy,Precision,Recall,F1
Local DISSFCM,2,10.0,Majority Vote,12.545454545454545,0.583041958041958,0.5892830855279954,0.583041958041958,0.5752410156851979
Local DISSFCM,4,10.0,Majority Vote,15.727272727272727,0.5734265734265734,0.5889864292528731,0.5734265734265734,0.5564747119009179
Local DISSFCM,6,10.0,Majority Vote,20.727272727272727,0.5795454545454546,0.5941313484307639,0.5795454545454546,0.5619763747520041
