Algorithm,param1,param2,Classifier,Centroids,Accuracy,Precision,Recall,F1
Local DISSFCM,2,10.0,Min Move,11.818181818181818,0.5681818181818182,0.5736432668546351,0.5681818181818182,0.5596983390167909
Local DISSFCM,4,10.0,Min Move,18.363636363636363,0.5743006993006993,0.5990413609961149,0.5743006993006993,0.5486021442561703
Local DISSFCM,6,10.0,Min Move,16.363636363636363,0.5611888111888113,0.5834698078508868,0.5611888111888113,0.5295108679436674
