Algorithm,param1,param2,Classifier,Centroids,Accuracy,Precision,Recall,F1
Local DISSFCM,2,0.01,Turn Vote,26.0,0.5856643356643356,0.5965179306775703,0.5856643356643356,0.5758455685318897
Local DISSFCM,4,0.01,Turn Vote,25.09090909090909,0.583041958041958,0.5946652424825529,0.583041958041958,0.5700425849620081
Local DISSFCM,6,0.01,Turn Vote,26.818181818181817,0.5891608391608392,0.5939575099033029,0.5891608391608392,0.5839898126601053
