Algorithm,param1,param2,Classifier,Centroids,Accuracy,Precision,Recall,F1
Local DISSFCM,2,0.01,Min Move,14.818181818181818,0.5716783216783217,0.5843252909915407,0.5716783216783217,0.5568336911554398
Local DISSFCM,4,0.01,Min Move,17.545454545454547,0.5673076923076923,0.5854579776424269,0.5673076923076923,0.5482881485811438
Local DISSFCM,6,0.01,Min Move,24.272727272727273,0.5673076923076923,0.5787668890420088,0.5673076923076923,0.5529949838200625
