Algorithm,param1,param2,Classifier,Centroids,Accuracy,Precision,Recall,F1
Local DISSFCM,6,10.0,Min Move,6.7272727272727275,0.6666666666666666,0.6709133309322678,0.6666666666666666,0.6481462530928209
Local DISSFCM,12,10.0,Min Move,12.090909090909092,0.6982323232323232,0.7103125633839116,0.6982323232323232,0.6800093122147843
Local DISSFCM,18,10.0,Min Move,18.09090909090909,0.7272727272727273,0.7451939701165707,0.7272727272727273,0.7155456121515031
