Algorithm,param1,param2,Classifier,Centroids,Accuracy,Precision,Recall,F1
Local DISSFCM,6,10.0,Majority Vote,6.2727272727272725,0.36616161616161613,0.4570669849491176,0.36616161616161613,0.33347876550585515
Local DISSFCM,12,10.0,Majority Vote,12.090909090909092,0.4255050505050505,0.4397098668466667,0.4255050505050505,0.3901905682486259
Local DISSFCM,18,10.0,Majority Vote,18.09090909090909,0.47348484848484845,0.49763311958721945,0.47348484848484845,0.46154522330234643
