Algorithm,param1,param2,Classifier,Centroids,Accuracy,Precision,Recall,F1
Local DISSFCM,6,0.1,Min Move,15.363636363636363,0.6944444444444444,0.6985415321649397,0.6944444444444444,0.6713205940561559
Local DISSFCM,12,0.1,Min Move,29.818181818181817,0.6792929292929293,0.6572238166334092,0.6792929292929293,0.6272093942616715
Local DISSFCM,18,0.1,Min Move,29.90909090909091,0.6957070707070707,0.7129529516506383,0.6957070707070707,0.6536677098003056
