Algorithm,param1,param2,Classifier,Centroids,Accuracy,Precision,Recall,F1
Local DISSFCM,6,0.01,Min Move,23.363636363636363,0.6856060606060607,0.6992690002652803,0.6856060606060607,0.6637341984234486
Local DISSFCM,12,0.01,Min Move,28.818181818181817,0.6742424242424243,0.6858085467173469,0.6742424242424243,0.6415455103055726
Local DISSFCM,18,0.01,Min Move,34.72727272727273,0.6856060606060606,0.651807188243482,0.6856060606060606,0.6382179449809403
