Algorithm,param1,param2,Classifier,Centroids,Accuracy,Precision,Recall,F1
Local DISSFCM,6,0.1,Majority Vote,36.27272727272727,0.4848484848484848,0.48370707928332857,0.4848484848484848,0.453790261049729
Local DISSFCM,12,0.1,Majority Vote,31.818181818181817,0.4924242424242424,0.5402190646149364,0.4924242424242424,0.453056720252296
Local DISSFCM,18,0.1,Majority Vote,38.09090909090909,0.5037878787878788,0.5316813521302685,0.5037878787878788,0.48514426848274933
