Algorithm,param1,param2,Classifier,Centroids,Accuracy,Precision,Recall,F1
Local DISSFCM,6,0.01,Majority Vote,34.18181818181818,0.47222222222222227,0.4608142537643149,0.47222222222222227,0.4260043504764887
Local DISSFCM,12,0.01,Majority Vote,34.54545454545455,0.48863636363636365,0.5100606894160719,0.48863636363636365,0.45041269327430755
Local DISSFCM,18,0.01,Majority Vote,39.09090909090909,0.4823232323232323,0.5011793694416526,0.4823232323232323,0.45242230467755606
