Algorithm,param1,param2,Classifier,Centroids,Accuracy,Precision,Recall,F1
Local DISSFCM,6,1.0,Turn Vote,11.727272727272727,0.4078282828282828,0.3138741028469044,0.4078282828282828,0.31316756489044184
Local DISSFCM,12,1.0,Turn Vote,18.90909090909091,0.5050505050505051,0.492572004266842,0.5050505050505051,0.4617963965175425
Local DISSFCM,18,1.0,Turn Vote,23.272727272727273,0.5214646464646464,0.5336115663479863,0.5214646464646464,0.49553054913279326
