Algorithm,param1,param2,Classifier,Centroids,Accuracy,Precision,Recall,F1
Local DISSFCM,6,10.0,Turn Vote,6.181818181818182,0.3914141414141414,0.4696201597584011,0.3914141414141414,0.35020608431660166
Local DISSFCM,12,10.0,Turn Vote,12.090909090909092,0.4305555555555556,0.4447640851771959,0.4305555555555556,0.4021132791720829
Local DISSFCM,18,10.0,Turn Vote,18.09090909090909,0.51010101010101,0.5101535021461844,0.51010101010101,0.4964565552928004
