Algorithm,param1,param2,Classifier,Centroids,Accuracy,Precision,Recall,F1
Local DISSFCM,6,0.01,Turn Vote,34.18181818181818,0.4785353535353536,0.4543235775827925,0.4785353535353536,0.4347508481940071
Local DISSFCM,12,0.01,Turn Vote,39.0,0.48989898989898983,0.5047480316921175,0.48989898989898983,0.46289741484724195
Local DISSFCM,18,0.01,Turn Vote,46.18181818181818,0.5025252525252525,0.5070320592190608,0.5025252525252525,0.47487895396714114
