Algorithm,param1,param2,Classifier,Centroids,Accuracy,Precision,Recall,F1
Local DISSFCM,6,1.0,Min Move,7.7272727272727275,0.662878787878788,0.6783862089688152,0.662878787878788,0.6362496474297975
Local DISSFCM,12,1.0,Min Move,17.818181818181817,0.7007575757575757,0.7121363057923099,0.7007575757575757,0.6749995633889962
Local DISSFCM,18,1.0,Min Move,22.181818181818183,0.6982323232323232,0.6947663779601578,0.6982323232323232,0.6550884403059744
