Algorithm,param1,param2,Classifier,Centroids,Accuracy,Precision,Recall,F1
Local DISSFCM,6,1.0,Majority Vote,10.636363636363637,0.38257575757575757,0.3220690586776573,0.38257575757575757,0.301904087732373
Local DISSFCM,12,1.0,Majority Vote,17.90909090909091,0.4785353535353536,0.4726027418232345,0.4785353535353536,0.4237032837066753
Local DISSFCM,18,1.0,Majority Vote,23.363636363636363,0.5075757575757576,0.5220805497765721,0.5075757575757576,0.48081353353746775
