Algorithm,param1,param2,Classifier,Centroids,Accuracy,Precision,Recall,F1
Local DISSFCM,6,0.1,Turn Vote,32.63636363636363,0.45959595959595956,0.4419662531983464,0.45959595959595956,0.4133233687321646
Local DISSFCM,12,0.1,Turn Vote,31.363636363636363,0.4936868686868687,0.5131486866018499,0.4936868686868687,0.45187238968041826
Local DISSFCM,18,0.1,Turn Vote,33.09090909090909,0.4797979797979798,0.5088940437821349,0.4797979797979798,0.4511652605522844
