Algorithm,n_clusters,error,Classifier,Centroids,Accuracy,Precision,Recall,F1
FCM,2,0.0,Min Move,2.0,0.461038961,0.460469638,0.461038961,0.4561302240909091
FCM,4,0.0,Min Move,4.0,0.4924242423636364,0.48893846227272725,0.4924242423636364,0.4343673458181818
FCM,6,0.0,Min Move,6.0,0.4729437229090909,0.47165349245454546,0.4729437229090909,0.434882479
FCM,8,0.0,Min Move,8.0,0.4794372294545454,0.47744928118181823,0.4794372294545454,0.44554557672727274
FCM,10,0.0,Min Move,10.0,0.48376623381818185,0.49858594118181815,0.48376623381818185,0.43849410681818185
FCM,12,0.0,Min Move,12.0,0.4794372294545454,0.4419124132727273,0.4794372294545454,0.416068227
FCM,14,0.0,Min Move,14.0,0.5,0.4757283678181818,0.5,0.43829682527272723
FCM,16,0.0,Min Move,16.0,0.4707792206363636,0.4441287324545455,0.4707792206363636,0.41127493972727275
FCM,18,0.0,Min Move,18.0,0.4956709957272727,0.5150274791818181,0.4956709957272727,0.4276985931818182
FCM,20,0.0,Min Move,20.0,0.4891774891818182,0.4649792861818182,0.4891774891818182,0.442992024
