Algorithm,n_clusters,error,Classifier,Centroids,Accuracy,Precision,Recall,F1
Local DISSFCM,2,1.0,Min Move,7.636363636363637,0.5616883118181818,0.5855984065454546,0.5616883118181818,0.5289951406363635
Local DISSFCM,4,1.0,Min Move,12.272727272727273,0.5562770563636363,0.5954850333636363,0.5562770563636363,0.5101115173636365
Local DISSFCM,6,1.0,Min Move,14.363636363636363,0.5487012990000001,0.6020899498181819,0.5487012990000001,0.4974027450909091
