Algorithm,n_clusters,error,Classifier,Centroids,Accuracy,Precision,Recall,F1
Local DISSFCM,2,0.1,Min Move,7.636363636363637,0.5627705628181818,0.5818812967272727,0.5627705628181818,0.5364480804545454
Local DISSFCM,4,0.1,Min Move,9.818181818181818,0.5735930736363636,0.5879570186363636,0.5735930736363636,0.5576707916363636
Local DISSFCM,6,0.1,Min Move,12.272727272727273,0.5378787880909092,0.5808934412727272,0.5378787880909092,0.49628758645454546
