Algorithm,n_clusters,error,Classifier,Centroids,Accuracy,Precision,Recall,F1
Local DISSFCM,2,0.01,Turn Vote,14.545454545454545,0.5443722943636363,0.5624456813636364,0.5443722943636363,0.5155540649090908
Local DISSFCM,4,0.01,Turn Vote,21.636363636363637,0.5638528138181819,0.5845470220909091,0.5638528138181819,0.5452867623636363
Local DISSFCM,6,0.01,Turn Vote,24.181818181818183,0.5411255412727273,0.559400829,0.5411255412727273,0.5202467576363636
