Algorithm,n_clusters,error,Classifier,Centroids,Accuracy,Precision,Recall,F1
Local DISSFCM,2,0.1,Turn Vote,19.181818181818183,0.5389610390909091,0.5444517142727272,0.5389610390909091,0.5230925648181818
Local DISSFCM,4,0.1,Turn Vote,23.727272727272727,0.564935064909091,0.5739035207272727,0.564935064909091,0.5500503440909091
Local DISSFCM,6,0.1,Turn Vote,24.818181818181817,0.5487012986363636,0.5582701124545454,0.5487012986363636,0.5352511484545455
