Algorithm,n_clusters,error,Classifier,Centroids,Accuracy,Precision,Recall,F1
Local DISSFCM,2,10.0,Min Move,8.636363636363637,0.5530303030909092,0.5995497125454545,0.5530303030909092,0.5075265279090909
Local DISSFCM,4,10.0,Min Move,8.272727272727273,0.5746753248181818,0.5957861433636363,0.5746753248181818,0.5520120195454545
Local DISSFCM,6,10.0,Min Move,14.272727272727273,0.5487012987272727,0.5514878950000001,0.5487012987272727,0.49936549772727273
