Algorithm,n_clusters,error,Classifier,Centroids,Accuracy,Precision,Recall,F1
Local DISSFCM,2,0.01,Min Move,9.545454545454545,0.5616883119090909,0.6037045758181818,0.5616883119090909,0.5269679101818182
Local DISSFCM,4,0.01,Min Move,11.454545454545455,0.5627705628181818,0.5801796956363636,0.5627705628181818,0.5450040151818182
Local DISSFCM,6,0.01,Min Move,16.636363636363637,0.5692640691818182,0.5886417371818182,0.5692640691818182,0.5467202340909091
