Algorithm,n_clusters,error,Classifier,Centroids,Accuracy,Precision,Recall,F1
Local DISSFCM,2,1.0,Turn Vote,16.636363636363637,0.5443722945454545,0.5541320084545455,0.5443722945454545,0.5246165060909092
Local DISSFCM,4,1.0,Turn Vote,19.09090909090909,0.5411255412727273,0.5633857704545455,0.5411255412727273,0.51671348
Local DISSFCM,6,1.0,Turn Vote,26.181818181818183,0.5411255413636363,0.5435819585454545,0.5411255413636363,0.5285430455454546
