Algorithm,n_clusters,error,Classifier,Centroids,Accuracy,Precision,Recall,F1
Local DISSFCM,2,10.0,Turn Vote,18.818181818181817,0.5259740260909092,0.5318656578181818,0.5259740260909092,0.5057632000000001
Local DISSFCM,4,10.0,Turn Vote,19.818181818181817,0.5476190476363636,0.5525907468181818,0.5476190476363636,0.5333021714545455
Local DISSFCM,6,10.0,Turn Vote,21.636363636363637,0.5476190475454547,0.5605990701818182,0.5476190475454547,0.523599443
