Algorithm,n_clusters,error,Classifier,Centroids,Accuracy,Precision,Recall,F1
Local DISSFCM,2,1.0,Majority Vote,15.636363636363637,0.5422077923636364,0.5511274136363636,0.5422077923636364,0.5241423899090909
Local DISSFCM,4,1.0,Majority Vote,18.454545454545453,0.5422077923636364,0.565495987,0.5422077923636364,0.5248992836363636
Local DISSFCM,6,1.0,Majority Vote,24.636363636363637,0.5422077924545454,0.5447665933636364,0.5422077924545454,0.5312432212727273
