Algorithm,n_clusters,error,Classifier,Centroids,Accuracy,Precision,Recall,F1
Local DISSFCM,2,0.01,Majority Vote,16.636363636363637,0.5443722941818182,0.563907844909091,0.5443722941818182,0.5132566392727272
Local DISSFCM,4,0.01,Majority Vote,21.272727272727273,0.566017316,0.5872195226363637,0.566017316,0.5469861378181818
Local DISSFCM,6,0.01,Majority Vote,23.818181818181817,0.5432900434545455,0.5615463653636363,0.5432900434545455,0.5234330928181818
