Algorithm,n_clusters,error,Classifier,Centroids,Accuracy,Precision,Recall,F1
Local DISSFCM,2,10.0,Majority Vote,19.454545454545453,0.5259740260909092,0.5282061021818182,0.5259740260909092,0.5124336125454545
Local DISSFCM,4,10.0,Majority Vote,19.818181818181817,0.5476190477272728,0.5517334673636364,0.5476190477272728,0.5282569166363636
Local DISSFCM,6,10.0,Majority Vote,19.90909090909091,0.5519480520000001,0.5586056736363636,0.5519480520000001,0.5377376022727273
