Algorithm,n_clusters,error,Classifier,Centroids,Accuracy,Precision,Recall,F1
Local DISSFCM,2,0.1,Majority Vote,20.363636363636363,0.5346320348181819,0.5404625834545455,0.5346320348181819,0.521887941
Local DISSFCM,4,0.1,Majority Vote,23.545454545454547,0.5638528138181819,0.5729977876363637,0.5638528138181819,0.5470972766363636
Local DISSFCM,6,0.1,Majority Vote,25.0,0.5508658008181818,0.5603204325454545,0.5508658008181818,0.5385913322727273
